Advisor,Country,EU Country
Lilly Clare,austria,Austria
Sue Taylor,austria,Austria
Adam Stewart,austria,Austria
Verena Zurakowski,austria,Austria
Lynn Morris,austria,Austria
Alyson Krapfl,austria,Austria
Kenny Knauf,austria,Austria
Lisa Kleingarn,austria,Austria
Mary Aiesi,austria,Austria
Layne Brodie,austria,Austria
Stephanie Muhr,austria,Austria
Chelby Patterson,austria,Austria
Irene Loy,austria,Austria
Stephanie Maloney,austria,Austria
Ben Courtney,austria,Austria
Nathan Mitchell,austria,Austria
Jonah Chizek,belgium,Belgium
Rossana Ambriz,belgium,Belgium
Adam Stewart,belgium,Belgium
Marc Albury,belgium,Belgium
Nathalie Jane Krits,belgium,Belgium
Emily Thomas,belgium,Belgium
Jess Landar,belgium,Belgium
Jacqueline Dheere,belgium,Belgium
Claudia Romero,belgium,Belgium
Hannah Davidson,belgium,Belgium
Achsha Lamb,croatia,Croatia
Hannah Giles,croatia,Croatia
Emma Mikhailoff,croatia,Croatia
Katie Hubbard,croatia,Croatia
Goran Dekic,croatia,Croatia
Cassie Hayes,croatia,Croatia
Erie Rose Patterson,croatia,Croatia
Aleksandra Trifunovic,croatia,Croatia
Hannah Lucas,croatia,Croatia
Teresa Smith,croatia,Croatia
Nikola Vukic,croatia,Croatia
Francesca Cichella,croatia,Croatia
Daniela Burba,croatia,Croatia
Julie Thayer,croatia,Croatia
Anna M Anderson,croatia,Croatia
Daniela Habermehl,croatia,Croatia
Angelica Hyde,croatia,Croatia
Caroline Haydon,croatia,Croatia
Alyssa Gordon,croatia,Croatia
Lauren Klein,croatia,Croatia
Aida Panal,croatia,Croatia
Amy Gordon,croatia,Croatia
Lindsay Weiss,croatia,Croatia
Maya Singh,croatia,Croatia
Viviana Baca,croatia,Croatia
Jess Landar,croatia,Croatia
Rachel Johnson,croatia,Croatia
Mary Gill,croatia,Croatia
Christina Loranz,croatia,Croatia
Cathy Boyle,croatia,Croatia
Elaine Coura,croatia,Croatia
Anna Hahn,croatia,Croatia
Carolina Cacho,croatia,Croatia
Julia Tafoya,croatia,Croatia
Stephanie Baker,croatia,Croatia
Katie Anderson,croatia,Croatia
Alyssa Brownsmith,croatia,Croatia
Aimee Morice,croatia,Croatia
Vesna Telalovic,croatia,Croatia
Nancy Vuletic,croatia,Croatia
Liza Greenfield,croatia,Croatia
Audra Santos,croatia,Croatia
Leila Pepic,croatia,Croatia
Tiffany Stone,croatia,Croatia
Deborah Reitenour,croatia,Croatia
Debra Morin,croatia,Croatia
Deb Dennin,croatia,Croatia
Emily Thomas,croatia,Croatia
Sabina Corsiglia,croatia,Croatia
Erika Jweda,croatia,Croatia
Pam Baxter,czech-republic,Czech Republi
Jess Landar,czech-republic,Czech Republi
Sue Taylor,czech-republic,Czech Republi
Chelsey Price,denmark,Denmark
Kelly Summerfield,denmark,Denmark
Jonna Martin,finland,Finland
Laura Cavanaugh,finland,Finland
Matheus Fonseca,finland,Finland
Kristy Holland,france,France
Mehdi Bouabbane,france,France
Rachel Skrovina,france,France
Pauline Aparicio,france,France
Lisa Iuzzolino,france,France
Kaylee Novich,france,France
Alyssa Romo,france,France
Ashley Wavra,france,France
Fawn Thayer,france,France
Lisa Strangis,france,France
Arsh Kakar,france,France
Heidi Thomas,france,France
Michaelyn Elder,france,France
Jamie Fine,france,France
Jonah Chizek,france,France
Loic Rebelo,france,France
Sandra Anderson,france,France
Courtney Murray,france,France
Hilary Foster,france,France
Jeremy Barber,france,France
Lisa Coombs,france,France
Heather Markel,france,France
Chloe Binetti,france,France
Darren Elms,france,France
Anna Agee,france,France
Sarah Eppler,france,France
Tamara Poelma,france,France
Suzanne Tomlin,france,France
Lauren Platt,france,France
Emily Thomas,france,France
Jessica Kahmann,france,France
Freya Fine,france,France
Jacqueline Flaherty,france,France
Kristin Simpson,france,France
Vitality Lifestyle,france,France
Morgan Baker,france,France
Sarah Roof,france,France
Jacque Williams,france,France
Eliza Belogolovskaia,france,France
Julianna Reichard,france,France
Melissa Elliott,france,France
Leslie Elkins,france,France
Olga Rykova,france,France
Christian Caudill,france,France
Misa Kabashima,france,France
Mollie O'Connor,france,France
Annie Elliott Dennis,france,France
Meghan Ball,france,France
Kelsey Gilbert-Kreiling,france,France
Natalie Kurtzman,france,France
Amelie Garcia,france,France
Rebecca Plotnick,france,France
Tanya Behar,france,France
Erik Sellstrom,france,France
Deb Drain,france,France
Michelle Zelena,france,France
Leigh Elena Navarro,france,France
Kelly Moore,france,France
Mary O'Brien,france,France
Margan Kieley,france,France
Julie Cazajus,france,France
Holly Raynes,france,France
Jess Landar,france,France
Andrea Sheldon,france,France
Kayla Mason,france,France
Stephanie Maloney,france,France
Lilly Marino,france,France
Derek Acosta,france,France
Kylie Collins,france,France
Tandis Mirzai,france,France
Marie Silver,france,France
Julia Flood,france,France
Caryn Ruocco,france,France
Taylor Trombley,france,France
Michelle Cassidy,france,France
Isabella Braconi,france,France
Christopher Deegan,france,France
Nikola Vukic,france,France
Ana P. Bauza Rodriguez,france,France
Rachel Lai,france,France
Anny Chen,france,France
Ashley Adelizi,france,France
Alexandria Moreno,france,France
Julia Rees,france,France
Stephanie Hendrickson,france,France
Sofia Romani,france,France
Traci Lee,france,France
Samantha Rae DiBenedetto,france,France
Kelly Gentry,france,France
Monique Malone,france,France
Latris Oliveira,france,France
Meagan Shirley,france,France
Carl Parker,france,France
Jennifer Essex,france,France
Alyssa Lodge,france,France
Pierre Benet,france,France
Vincent Spieler,france,France
Shayna Roopchand,france,France
Dani Trynoski,france,France
Vilay Senthep,france,France
Kierra Young,france,France
Annie Murchison,france,France
Amneris Dominguez,france,France
Paige Menze,france,France
Saphiya Kegbe-Davis,france,France
Aisha Springer,france,France
Leah Scruggs,france,France
Miranda Marsh,france,France
Reid Crain,france,France
Lindsay Barlow,france,France
Erin Emily Ward,france,France
Emma Mikhailoff,france,France
Kim Peart,france,France
Mia Williams,france,France
Domenica Ida,france,France
Gwendolyn Gillies,france,France
Crystal Joyce,france,France
Milk & Uni,france,France
Amanda Brinkerhoff,france,France
Kelsey Kirgo,france,France
Shelly Barrera,france,France
Theresa Baumann,france,France
Katie Hubbard,france,France
Madeleine O'Toole,france,France
Alexandria Chalet,france,France
Sophia Sloan,france,France
Daniela Chavez Molina,france,France
Amy Seelbaugh,france,France
Danielle Maclin,france,France
Sydney Nichols,france,France
Lisa Kleingarn,france,France
Khim Fam,france,France
Liza Krudde,france,France
Heather Twesme,france,France
Tessa Hugar,france,France
Paul Ting,france,France
Aimee Morice,france,France
Paul Cornwell,france,France
Kenny Knauf,france,France
Ann Tan,france,France
Stephanie Yosef,france,France
Jacob Tucker,france,France
Allyssa Oakman-Fleming,france,France
Jessica Alsup,france,France
Rebecca Fuller,france,France
Christopher Boyko,france,France
Michelle Roe,france,France
Sarah Smoak,france,France
Shannon Mellish,france,France
Mary Manix,france,France
Leah Baillargeon,france,France
Jamie Tice,france,France
Singular Sojourns,france,France
Kristen Bellamy,france,France
Rachel Gaylord,france,France
Nathalie Jane Krits,france,France
Tissa Homayounian,france,France
Christy Martinez,france,France
Rachel Lawrence,france,France
Ellie Geller,france,France
Stephanie Sullivan,france,France
Victoria Mevil,france,France
Deirdre Schwiring,france,France
Tiffany McClain,france,France
Martha Falls,france,France
David Duman,france,France
Julia Allen,france,France
Candice Hilse,france,France
Bianca Ragusa,france,France
David Sornberger,france,France
Polly Knelsen,france,France
A'Rielle Thomas,france,France
Katie Pirone,france,France
Meghan Fort,france,France
Vanessa Coulibaly,france,France
Lexi Deltoro,france,France
Whytney Rawls,france,France
Nataliia Graves,france,France
Juliette Michaels,france,France
Jack Haley,france,France
Sigrid Carmack,france,France
Megan Valente,france,France
Alex Seghir,france,France
Lauren McLeod,france,France
Candice Schwartz,france,France
Shannon Jefferies,france,France
Alyssa Thomas,france,France
Courtney King,france,France
Jason Cheng,france,France
Kim Hardcastle,france,France
Marisa Wallwork,france,France
Jennifer DeWitt,france,France
Ksenia Ledneva,france,France
Sibley Slade,france,France
Ali Benequisto,france,France
Erin Guy,france,France
Sara Wolfe,france,France
Nia Giraud,france,France
Anna Hahn,france,France
Jen Fuller,france,France
Amanda Kim,france,France
Shannon Aymes,france,France
Gaia Mieren,france,France
Valeriya Vygodnaya,france,France
Hannah Davidson,france,France
Paloma Lopes,france,France
McKenzie Sanders Bas,france,France
George Staib,france,France
Lauren Bryant,france,France
Lori Turoff,france,France
Karen Rose,france,France
Kaya Flostrand,france,France
Ashley Trivino,france,France
Stephanie Bloom,france,France
Kristy Watrud,france,France
Travis Tanner,france,France
Sydney Fields,france,France
Sylvia Baldwin,france,France
Mia Lupo,france,France
Ginny Southgate,france,France
Daisy DeRooy,france,France
Hilary Herscher,france,France
Jennifer Osias,france,France
Ashley Bianchini,france,France
Johanna Montlouis-Gabriel,france,France
Marie Sweet,france,France
Cameron Harper,france,France
Shana Yavari,france,France
Deborah Reeder,france,France
Amelie Cunin,france,France
Oriane Gufroy-Beaulieu,france,France
Lauren Kronzer,france,France
Rebecca Martinez,france,France
Jason Cheng,germany,Germany
Adam Snook,germany,Germany
Amanda Elshiekh,germany,Germany
Travis Tanner,germany,Germany
John Voigt,germany,Germany
Irene Loy,germany,Germany
Princess Palacios Reyes,germany,Germany
Lynn Morris,germany,Germany
Laura Cavanaugh,germany,Germany
Thomas Griffith,germany,Germany
Nataliia Graves,germany,Germany
Kim Tarabetz,germany,Germany
Kalie Taylor,germany,Germany
Ivory Vogt,germany,Germany
Jess Bustamante,germany,Germany
Mackenzie Robinson,germany,Germany
Rebecca Mikell,germany,Germany
Charlie O'Dell,germany,Germany
Jacqueline Hall,germany,Germany
Connie Betz,germany,Germany
Alicia Goblirsch,germany,Germany
Adam Grossman,germany,Germany
Anna Hahn,germany,Germany
Hilary Foster,germany,Germany
Thomas Conner,germany,Germany
Amanda (Mandy) DeJonghe,germany,Germany
Mike Bodtcher,germany,Germany
Anna Prosch,germany,Germany
Jess Landar,germany,Germany
Kenny Knauf,germany,Germany
Hannah Davidson,germany,Germany
Jaime Gonzalez,germany,Germany
Anna Tretter,germany,Germany
Iryna Apperson,germany,Germany
Juliet Robinson,germany,Germany
Brooke Yool,germany,Germany
Devon Forsythe,germany,Germany
Lisa Coombs,germany,Germany
Maddie Mahood,germany,Germany
Belinda Borja,germany,Germany
Brad Bost,germany,Germany
Jennifer Galloway,germany,Germany
Verena Zurakowski,germany,Germany
Lisa Kleingarn,germany,Germany
Rachel Helmholz,germany,Germany
Elisha Gonzalez Gustafson,germany,Germany
Shannon Mellish,germany,Germany
Stephanie Maloney,germany,Germany
Chris Sevenish,germany,Germany
Eric Parker,germany,Germany
Stefanie Fackrell,germany,Germany
Aleah McGuigan,germany,Germany
Chelsie Ingalls,germany,Germany
Jennifer Evans,greece,Greece
Taylor Nefouse,greece,Greece
Kala Rojko,greece,Greece
Meryl Honig,greece,Greece
Maggie Senor,greece,Greece
Lynelle Baker-Hall,greece,Greece
Jessica Murphy,greece,Greece
Daniel Hyman,greece,Greece
Cassia Oyolokor,greece,Greece
Kerrith Mackay,greece,Greece
Hannah Reich,greece,Greece
Angela Ntaoulas,greece,Greece
Tom Fletcher,greece,Greece
Alexii Lardis,greece,Greece
Patty Lee,greece,Greece
Miriam Lee,greece,Greece
Rebecca Jones,greece,Greece
Brenna Thornton,greece,Greece
Nicole Papadopoulos,greece,Greece
Emily Buczek,greece,Greece
Sandra Charamba,greece,Greece
Devang Patel,greece,Greece
Rebecca Castillo,greece,Greece
Marie Sachs,greece,Greece
LeeAnn Mills,greece,Greece
Jen Barnes,greece,Greece
Kjersti Olsen,greece,Greece
Ed Munz,greece,Greece
Nora Sibley Sanders,greece,Greece
Leah Hoefling,greece,Greece
Erik Sellstrom,greece,Greece
Carrie Richardson,greece,Greece
Taylor Morris,greece,Greece
Melissa Taylor,greece,Greece
Dana DellaCioppa,greece,Greece
Audra Thomas,greece,Greece
Cathy Feaster,greece,Greece
Jang Centofanti,greece,Greece
Pamela Johnson,greece,Greece
Whitney Fessler,greece,Greece
Jess Landar,greece,Greece
Tim Heim,greece,Greece
Chiara Mandel,greece,Greece
Abigail Trigilio,greece,Greece
Carlos Henriques,greece,Greece
Shelby Lynn Butler,greece,Greece
Heather Copeland,greece,Greece
Sandy Carino,greece,Greece
Karen May,greece,Greece
Kristine Duffy,greece,Greece
Melissa Helm,greece,Greece
Melissa Bruno,greece,Greece
Ariana Agrios,greece,Greece
Damini Kiran Patel,greece,Greece
Erica Smith,greece,Greece
Olivia Hipkins,greece,Greece
Stephanie Mero,greece,Greece
Ray Ball,greece,Greece
Samantha Lamb,greece,Greece
Marco Lorenzon,greece,Greece
Cindy Diamantaras,greece,Greece
Josh Hill,greece,Greece
Kiera Rasmussen,greece,Greece
Katelyn Hirt,greece,Greece
Tom Contos,greece,Greece
Emily Thomas,greece,Greece
Becky Boyer,greece,Greece
Katerina Randazzo,greece,Greece
Marcia DeAngelis,greece,Greece
Jenna Traurig,greece,Greece
Natalie Sopher,greece,Greece
Suzan Ahmed,greece,Greece
Karin Tracy,greece,Greece
Kristy Walter,greece,Greece
Norma Karavithas,greece,Greece
Laura Jackson,greece,Greece
Rachel Lai,greece,Greece
Courtney Loomos,greece,Greece
Michael Gulas,greece,Greece
Kerry Durmick,greece,Greece
Maria Manetas,greece,Greece
Korissa Frooman,greece,Greece
Sheila Ewers,greece,Greece
Christina Birakis,greece,Greece
Giorgia Matrone,greece,Greece
Brett-lyn Varelis,greece,Greece
Taegan Jarrett,greece,Greece
Shelby Roller,greece,Greece
Shelby Poulos,greece,Greece
Stephanie Baker,greece,Greece
Rachel Johnson,greece,Greece
Ilana Adler,greece,Greece
Kalli Ziangos,greece,Greece
Angela Harms,greece,Greece
Carl Fiorentino,greece,Greece
Victoria D'Onofrio,greece,Greece
Alex Strausman,greece,Greece
Jacqueline Talsky,greece,Greece
Anna Maria Apostolakis,greece,Greece
Laura Berko,greece,Greece
Talia Gonzalez,greece,Greece
Temi Oladoyin,greece,Greece
Kierra Young,greece,Greece
Ceren Uyar,greece,Greece
Emma Mikhailoff,greece,Greece
Summer Cassilly,greece,Greece
Jen Babcock,greece,Greece
Walker Wicklund,greece,Greece
Josephine Georgiadis,greece,Greece
Rebecca Hanson,greece,Greece
Tess Slot,greece,Greece
Sarah Schumacher,greece,Greece
Christina Loranz,greece,Greece
Alex Crock,greece,Greece
Thomas Athanasopoulos,greece,Greece
Jim Karasavvas,greece,Greece
Alexandra Alread,greece,Greece
Dana Davis,greece,Greece
Lorena Venades,greece,Greece
Christina Campbell,greece,Greece
Thomas Conner,greece,Greece
Lauren Kronzer,greece,Greece
Michelle Hunt,greece,Greece
Alayna Kos,greece,Greece
Roberta Moore,greece,Greece
Jalecia Johnson,greece,Greece
Maria Chapman,greece,Greece
Amy Seelbaugh,greece,Greece
Kate Sevastakis,greece,Greece
Kenny Knauf,greece,Greece
Elizabeth Kaczka,greece,Greece
Kerian Adamo,greece,Greece
Alexandra Kinias,greece,Greece
Steve Michailidis,greece,Greece
Taylor Bose,greece,Greece
Matthew Richmond,greece,Greece
Ken Blum,greece,Greece
Jessica Cordova,greece,Greece
Sara Maupin,greece,Greece
Diane Turner,greece,Greece
Carolyn Hildreth,greece,Greece
Peter Alejandro,greece,Greece
Amanda Tsai,greece,Greece
Jacque Williams,greece,Greece
Sandra Anderson,greece,Greece
Kaitlin Murray,greece,Greece
Hannah Davidson,greece,Greece
Hannah Maldonado,greece,Greece
Whytney Rawls,greece,Greece
Eireni Zaparegos,greece,Greece
Lauren Ruehl,greece,Greece
Jamie Honohan,greece,Greece
Jeni Stivale,greece,Greece
Nicholas Karantzoulidis,greece,Greece
Cecily Hedge,greece,Greece
Emily Bey,greece,Greece
Jillian Bucherl,greece,Greece
Kayla Mason,greece,Greece
Stephanie Hendrickson,greece,Greece
Alex Eberle,greece,Greece
Lauren Tyson,greece,Greece
Andrea Wyner,greece,Greece
Tiffany Stone,greece,Greece
Lorina Mathues,greece,Greece
Bailee Raby,greece,Greece
A'Rielle Thomas,greece,Greece
Lindsey Brann,hungary,Hungary
Makayla Lau,hungary,Hungary
Anna Muse,hungary,Hungary
Adam Stewart,hungary,Hungary
Jess Landar,hungary,Hungary
Angelica Hyde,hungary,Hungary
Adrienn Duzs,hungary,Hungary
Kata Szekely,hungary,Hungary
Zoe Schaeffer,iceland,Iceland
Lauren Martin,iceland,Iceland
Karilyn Owen,iceland,Iceland
Ana Santos,iceland,Iceland
Tamara Sotelo,iceland,Iceland
Lynly Williams,iceland,Iceland
Morgan Stensrud,iceland,Iceland
Melissa Johnson,iceland,Iceland
Jessica Ercolano,iceland,Iceland
Suzanne Buchanan,iceland,Iceland
Michele May,iceland,Iceland
Silvana Urueta,iceland,Iceland
Yasmin Ahmad,iceland,Iceland
Felicia Gray,iceland,Iceland
Becky Peeper,iceland,Iceland
Kim Reynolds,iceland,Iceland
Joey Lorraine Dicion,iceland,Iceland
Sarah Schumacher,iceland,Iceland
Melissa Jean,iceland,Iceland
Diana Reul,iceland,Iceland
Wesley Mergard,iceland,Iceland
Nicole Freedman,iceland,Iceland
Stefanie Fackrell,iceland,Iceland
Audra Thomas,iceland,Iceland
Juliette Myers,iceland,Iceland
Kenny Knauf,iceland,Iceland
Courtney King,iceland,Iceland
Nicole St John Hamborsky,iceland,Iceland
Lesliann Nemeth,iceland,Iceland
Cam Le,iceland,Iceland
Anna Hahn,iceland,Iceland
Davis Dickens,iceland,Iceland
Jaimie Krause,iceland,Iceland
Lizzie Nettleton,iceland,Iceland
Ally Karge Guided by Moonlight,iceland,Iceland
Mark Lyerly,iceland,Iceland
Laura Feldner,iceland,Iceland
Christine Shiflett,iceland,Iceland
Emma Mikhailoff,iceland,Iceland
Mackenzie Smith,iceland,Iceland
Meghan Harris,iceland,Iceland
Julie Thayer,iceland,Iceland
Susan Harker,iceland,Iceland
Lauren O'Malley,iceland,Iceland
Whitney Johnson,iceland,Iceland
Caroline McCormick,iceland,Iceland
Jayson Minsky,iceland,Iceland
Sof?¡a Pardo,iceland,Iceland
Joy Geeraerts,iceland,Iceland
Aileen Chan,iceland,Iceland
Brianna Ewing,iceland,Iceland
Jennifer Granade,iceland,Iceland
Brittany Tomasko,iceland,Iceland
Karli Morgan,iceland,Iceland
Amy Wilson,iceland,Iceland
Ashley Micek,iceland,Iceland
Margan Kieley,iceland,Iceland
Catherine Neel,iceland,Iceland
Emma Waack,iceland,Iceland
Ankita Patel,iceland,Iceland
Sarah Francomano,iceland,Iceland
Liz Duensing,iceland,Iceland
Kara Winarski,iceland,Iceland
Christopher Davidson,iceland,Iceland
Shelby Goodwin,iceland,Iceland
Jenny McCall,iceland,Iceland
Kelsey Gilbert-Kreiling,iceland,Iceland
Lori Loper,iceland,Iceland
Ramses Perez,iceland,Iceland
Todd May,iceland,Iceland
Shannon Mellish,iceland,Iceland
Tim Jenkins,iceland,Iceland
Alexandria Moreno,iceland,Iceland
Rick Chen,iceland,Iceland
Nadia Wood,iceland,Iceland
Kristen Eber,iceland,Iceland
Jessamy Buckingham,iceland,Iceland
Jacqui Aiello,iceland,Iceland
Amy Maass,iceland,Iceland
Lindsay Weiss,iceland,Iceland
Ashley Sadauskis,iceland,Iceland
Alysha Ward,iceland,Iceland
Yvette Nolin,iceland,Iceland
Bernadette Feliciano,iceland,Iceland
Thomas Griffith,iceland,Iceland
Ceilidh McElroy,iceland,Iceland
Vanessa Tripp,iceland,Iceland
Mary Manix,ireland,Ireland
John Cicerale,ireland,Ireland
Michelle Sines,ireland,Ireland
Heather Proctor,ireland,Ireland
Jessica Dressel,ireland,Ireland
Kasey Aleixo,ireland,Ireland
Lisa Nicholson,ireland,Ireland
Lauren Leggate,ireland,Ireland
Megan Stout,ireland,Ireland
Kenneth Maker,ireland,Ireland
Kerri Mosher,ireland,Ireland
Ali McCarthy,ireland,Ireland
Tara Tonsetic,ireland,Ireland
Lauren Jones,ireland,Ireland
Wesley Mergard,ireland,Ireland
Megan Purgahn,ireland,Ireland
Allison Garrett,ireland,Ireland
Anna Marie Dunne,ireland,Ireland
Claire Rodrigues,ireland,Ireland
Brenna Parks,ireland,Ireland
Dani Trynoski,ireland,Ireland
Jess Bustamante,ireland,Ireland
Shannon Ranzini,ireland,Ireland
Meara Bowe,ireland,Ireland
Isabella Braconi,ireland,Ireland
Pat Murphy,ireland,Ireland
Jessica Kahmann,ireland,Ireland
Katie Varecka,ireland,Ireland
Diane Turner,ireland,Ireland
Steven Feldman,ireland,Ireland
Kyle Martin,ireland,Ireland
Paige Kelly,ireland,Ireland
Mark Schutz,ireland,Ireland
Stacy Quaid,ireland,Ireland
Shayna Tims,ireland,Ireland
Danielle Maclin,ireland,Ireland
Bijoy Shah,ireland,Ireland
Rebecca Paricio,ireland,Ireland
Tamara Baker,ireland,Ireland
Jamie Kanehl,ireland,Ireland
Jess Landar,ireland,Ireland
Jenna Holtzner,ireland,Ireland
Allie Haley,ireland,Ireland
Krista Alexon,ireland,Ireland
Marion Sealy,ireland,Ireland
Melissa Ranallo,ireland,Ireland
Erin Wholey,ireland,Ireland
Renee Hatton,ireland,Ireland
Curt Cassels,ireland,Ireland
Elyse Resnick,ireland,Ireland
JoeAnn Hawkins,ireland,Ireland
Megan James,ireland,Ireland
Ryan Hanehan,ireland,Ireland
Rachel McGraw,ireland,Ireland
Bianca Gumus,ireland,Ireland
Marly Keenan,ireland,Ireland
Belinda Borja,ireland,Ireland
Stephanie Simonson,ireland,Ireland
Brad Douglass,ireland,Ireland
Crista Walsh,ireland,Ireland
Mary Roberts,ireland,Ireland
Kirsten Cohick,ireland,Ireland
Jacque Williams,ireland,Ireland
Traci Chelf,ireland,Ireland
Hannah Trinkle,ireland,Ireland
Katelyn Torres,ireland,Ireland
Jenny DeLuca,ireland,Ireland
Monica Hayes,ireland,Ireland
Rita Carton,ireland,Ireland
Kata Szekely,ireland,Ireland
Natalie Sopher,ireland,Ireland
Jennifer Kesten,ireland,Ireland
Ron Higdon,ireland,Ireland
Holly Virden,ireland,Ireland
Sabina Corsiglia,ireland,Ireland
Jacob Tucker,ireland,Ireland
Amanda Tsai,ireland,Ireland
Kristin Smyk,ireland,Ireland
Natasha Jiovino,ireland,Ireland
David Glick,ireland,Ireland
Cathy Boyle,ireland,Ireland
Carson James Moore,ireland,Ireland
Ellen Faley,ireland,Ireland
Erik Sellstrom,ireland,Ireland
Amy McGeever,ireland,Ireland
Ciara Kilian,ireland,Ireland
Heidi Dent,ireland,Ireland
Kathryn Junco,ireland,Ireland
Jamie Honohan,ireland,Ireland
Tayler Williams,ireland,Ireland
Adam Stewart,ireland,Ireland
Ferzeen Patel,ireland,Ireland
Kaitlin Jackson-Sullivan,ireland,Ireland
Sarah Lyda,ireland,Ireland
Kyrie Hayden,ireland,Ireland
Laurie Beth Burch,ireland,Ireland
Christina Laderoute,ireland,Ireland
McKenzie Ammerman,ireland,Ireland
Misty Cannatella,ireland,Ireland
Erin White,ireland,Ireland
Esbenia (Beni) Overbeck,ireland,Ireland
Freya Fine,italy,Italy
Kierra Young,italy,Italy
Hailey Rose,italy,Italy
Karen May,italy,Italy
Emily Ellison,italy,Italy
James Besteman,italy,Italy
Teresa Smith,italy,Italy
Julia Tafoya,italy,Italy
Allyson Rowland,italy,Italy
Anna Gianfrate,italy,Italy
Jennifer Osias,italy,Italy
Gianna Quattrini,italy,Italy
Janet Pitcher,italy,Italy
Marisa Bruno,italy,Italy
Tia Santoro,italy,Italy
Sarah Eppler,italy,Italy
Corynne Sarrett,italy,Italy
Maria Moore,italy,Italy
Alison Drakeford,italy,Italy
Chloe Binetti,italy,Italy
Brian & Sapha Pardo Heckman,italy,Italy
Stephanie Allen,italy,Italy
Chiara Mandel,italy,Italy
Tara Brower,italy,Italy
Jaclyn Buchkoski,italy,Italy
Jill Kennedy,italy,Italy
Beth Greenberg,italy,Italy
Erik Sellstrom,italy,Italy
Marcia DeAngelis,italy,Italy
Brittany Nilsen,italy,Italy
Holly Raynes,italy,Italy
Veronica Delgado,italy,Italy
Kaetlin Fehl,italy,Italy
Carl Fiorentino,italy,Italy
Megan Woo,italy,Italy
Carrie Hagee,italy,Italy
Alexa Mittman,italy,Italy
Danielle DeZao,italy,Italy
Maria Aguda,italy,Italy
Soraya Melegi,italy,Italy
Hayley Fulton,italy,Italy
Jack Haley,italy,Italy
Tori Hanis,italy,Italy
Lauren DeBauch,italy,Italy
Katja Price,italy,Italy
Paul Tarantiles,italy,Italy
Kenny Knauf,italy,Italy
Alexa Ferritto,italy,Italy
Joelle Destache,italy,Italy
Danielle DeBiasi,italy,Italy
Kristy Holland,italy,Italy
Lindsay Barlow,italy,Italy
Joel Troutman,italy,Italy
Jana Schmersahl,italy,Italy
Ashley Vascellaro,italy,Italy
Yomayra Rivera,italy,Italy
Morgan Rasmussen,italy,Italy
Erica Simion-Philips,italy,Italy
Dalila Calabrese Colella,italy,Italy
Megan Taylor,italy,Italy
Tissa Homayounian,italy,Italy
Maria Chapman,italy,Italy
Julia Keefe,italy,Italy
Andrea Wyner,italy,Italy
Nina Price,italy,Italy
Miranda Marsh,italy,Italy
Ingrid Cheng,italy,Italy
Lorena Venades,italy,Italy
Camila Acuna Gallego,italy,Italy
Lisa Reeves,italy,Italy
Anna Hahn,italy,Italy
Leslie Billingsley,italy,Italy
Brian Lonergan,italy,Italy
Ashley Trivino,italy,Italy
Charlotte Davis,italy,Italy
Wendy Wallace,italy,Italy
Jeannie Nash,italy,Italy
Kathryn Burns,italy,Italy
Lauren Liberto,italy,Italy
Sarah Kate Pospisil,italy,Italy
Julia Allen,italy,Italy
Cheyenne Wang,italy,Italy
Katherine Neal,italy,Italy
Malea Jude,italy,Italy
Lindsay Belfatto,italy,Italy
Candida Musanti,italy,Italy
Leslie Elkins,italy,Italy
Brianna Ewing,italy,Italy
Lyny Grullon,italy,Italy
John Espiritu,italy,Italy
Meghan Harris,italy,Italy
Celeste Costa,italy,Italy
Christy Hierholzer,italy,Italy
Madison Shropshire,italy,Italy
Samantha Platner,italy,Italy
Dani Trynoski,italy,Italy
Jen Babcock,italy,Italy
Antonella Ravida,italy,Italy
Natasha Jiovino,italy,Italy
Lilly Marino,italy,Italy
Tamar Miller,italy,Italy
Kelly Mordini,italy,Italy
Leah Rohwer,italy,Italy
Ella Weinstein,italy,Italy
Emma Mikhailoff,italy,Italy
Aleah McGuigan,italy,Italy
Aly Mierjeski,italy,Italy
Amy Green,italy,Italy
Christopher Deegan,italy,Italy
Maddy Mazzeo,italy,Italy
Amy Seelbaugh,italy,Italy
Sarah Entwistle,italy,Italy
Isabella Braconi,italy,Italy
Stephanie Hendrickson,italy,Italy
Gaia Mieren,italy,Italy
Daniela Burba,italy,Italy
Brianna Seaberg,italy,Italy
Yaroslava Andrijauskas,italy,Italy
Amy Hemphill,italy,Italy
Jonah Chizek,italy,Italy
Lexy Markus,italy,Italy
Chris Nani,italy,Italy
Markie Bocook,italy,Italy
Heather Twesme,italy,Italy
Taylor Reagan,italy,Italy
Nicole Beck,italy,Italy
Aliya Khan,italy,Italy
Gigi Valdez,italy,Italy
Kaitlin Murray,italy,Italy
Maritza Barcelona,italy,Italy
Krishna Amin,italy,Italy
Gina Originario,italy,Italy
Clarita Fodor,italy,Italy
Nicole Spitz,italy,Italy
Jennifer Ring,italy,Italy
Hannah Davidson,italy,Italy
Stephanie Maloney,italy,Italy
Vanessa Coulibaly,italy,Italy
Susanna Raissa Townsend,italy,Italy
Antonisia Sneed Baynes,italy,Italy
Adam Snook,italy,Italy
Lindsay Mertz,italy,Italy
Kaitlyn Snyder,italy,Italy
Rileigh Tower,italy,Italy
Roxanne Tanick,italy,Italy
Rachel Villanueva,italy,Italy
Jamie Tice,italy,Italy
Wendy Byard,italy,Italy
Kirsten Cohick,italy,Italy
Katie Hubbard,italy,Italy
Lianna Pedre,italy,Italy
Danielle Barrios,italy,Italy
Kristin Simpson,italy,Italy
Christopher Marchese,italy,Italy
Bree Brostko,italy,Italy
Jill Bauman,italy,Italy
Samantha Rae DiBenedetto,italy,Italy
Amanda English,italy,Italy
Angela Marini,italy,Italy
Kelly Rivas,italy,Italy
Kristen Hague,italy,Italy
Suzanne Lee,italy,Italy
Grayson Martello-Livingston,italy,Italy
Darcy Neier,italy,Italy
Ashleigh Markel,italy,Italy
Theresa Baumann,italy,Italy
Julia Lescarbeau,italy,Italy
Meredith Parnello,italy,Italy
Jim Karasavvas,italy,Italy
Allison Albanese,italy,Italy
Carly Bergin,italy,Italy
Zoe Schaeffer,italy,Italy
Shannon Aymes,italy,Italy
Alyssa Kunz,italy,Italy
A'Rielle Thomas,italy,Italy
Jenessa Smith,italy,Italy
Alexandria Hanson,italy,Italy
Mackenzie Moriarty,italy,Italy
Rachel Hyams,italy,Italy
Brett-lyn Varelis,italy,Italy
Jordan Koch,italy,Italy
Kristy Thai,italy,Italy
Hope Wolfe,italy,Italy
Marina Brown,italy,Italy
Jasmine Jackson,italy,Italy
Laura Brizgis,italy,Italy
Micah Hanna,italy,Italy
Azonobi Precious,italy,Italy
Jacquelyn Trimlett,italy,Italy
Stephanie Bloom,italy,Italy
Leigh Elena Navarro,italy,Italy
Lindsey Nieto,italy,Italy
Roberta Moore,italy,Italy
Ashley Galitzer,italy,Italy
Jennifer Kesten,italy,Italy
Tilly Geiger,italy,Italy
Samantha Lack,italy,Italy
Michaelyn Elder,italy,Italy
Kristin Hennessy,italy,Italy
Stacey Cortez,italy,Italy
Jaclyn DeJesus,italy,Italy
Alexii Lardis,italy,Italy
Kelli Boyle,italy,Italy
Giorgia Matrone,italy,Italy
Francesca Varisco,italy,Italy
Carlie Pressler,italy,Italy
Maia Scalia,italy,Italy
Deemah Bader,italy,Italy
Jennifer Coppolino,italy,Italy
Meryl Honig,italy,Italy
Courtney Fischrup,italy,Italy
Laura Jackson,italy,Italy
Jessica Reed,italy,Italy
Jacqueline Puzo,italy,Italy
Aashima Ratti,italy,Italy
Nataliia Graves,italy,Italy
Mindy Gabrielle,italy,Italy
Ciera Goode,italy,Italy
Alma Lea Sadeghi,italy,Italy
Taylor Maher,italy,Italy
Rebecca Martinez,italy,Italy
Jehanna Marie,italy,Italy
Marcella Branca,italy,Italy
Lee Libro,italy,Italy
Erica Molina,italy,Italy
Alexandra Shea,italy,Italy
Samantha Vanderhorst,italy,Italy
Katherine Chen,italy,Italy
Haley Powell,italy,Italy
Meghan Spezzano,italy,Italy
Elizabeth Karpati,italy,Italy
Caryn Pizzitola,italy,Italy
Cecily Hedge,italy,Italy
Christiane Taylor,italy,Italy
Wendy Ritter,italy,Italy
Maria Teresa Carrasquero,italy,Italy
Annie Elliott Dennis,italy,Italy
Sarah Young,italy,Italy
Montana Lee,italy,Italy
Lucas Wood,italy,Italy
Wenyi Leong,italy,Italy
Paul A Kaplan,italy,Italy
Anna Reid,italy,Italy
Steve Ritthamel,italy,Italy
Olga Rykova,italy,Italy
Maggie Senor,italy,Italy
Rebecca Cattaneo,italy,Italy
Ali Crook,italy,Italy
McKenzie Newman,italy,Italy
Eliza Belogolovskaia,italy,Italy
Gabrielle Mahlum,italy,Italy
Indyca Hassell,italy,Italy
Jennifer Cadden,italy,Italy
Mia Williams,italy,Italy
Michelle Cassidy,italy,Italy
Damini Kiran Patel,italy,Italy
Anthony Rivera,italy,Italy
Greta Watson,italy,Italy
Malik Edwards,italy,Italy
Rebecca Blank,italy,Italy
James Cesario,italy,Italy
Stephanie Herrera,italy,Italy
Donamarie Florio,italy,Italy
Macy Kaiser,italy,Italy
Steven Feldman,italy,Italy
Suzi Beerman,italy,Italy
Sof?¡a L??pez,italy,Italy
Makayla Lau,italy,Italy
Lauren Cherney,italy,Italy
Sherri Swingle,italy,Italy
Jamie Fine,italy,Italy
Kristine Duffy,italy,Italy
Amanda Gibbons,italy,Italy
Tina White,italy,Italy
Maddie Weldon,italy,Italy
Hannah Giles,italy,Italy
Whytney Rawls,italy,Italy
Sarah Quist,italy,Italy
Lesliann Nemeth,italy,Italy
Kiera Rasmussen,italy,Italy
Tamara Stampone,italy,Italy
Domenica Ida,italy,Italy
Olivia Papa,italy,Italy
Nicholas Karantzoulidis,italy,Italy
Bella Rose,italy,Italy
Mark Freid,italy,Italy
Kaya Flostrand,italy,Italy
Juliette Myers,italy,Italy
Lizzie Nettleton,italy,Italy
Ebere Emenike,italy,Italy
Stacey Pascarella,italy,Italy
Laura Amoruso,italy,Italy
Liisa Dewhurst,italy,Italy
Marco Vaschetto,italy,Italy
Rachel Helmholz,italy,Italy
Crystal Joyce,italy,Italy
Grace Buni,italy,Italy
Sara Jeanne Gulley,italy,Italy
Kim Carmichael,italy,Italy
Noelle Rudloff,italy,Italy
David Ashworth,italy,Italy
Alexa Bourke,italy,Italy
Bryan Frank,italy,Italy
Candice Hilse,italy,Italy
Anny Chen,italy,Italy
Aisha Springer,italy,Italy
Dylan Smith,italy,Italy
Preston Cory,italy,Italy
Tayler Williams,italy,Italy
Stefanie Fackrell,italy,Italy
Madison Planinsek,italy,Italy
Tracey Clark,italy,Italy
Hillary Posternak,italy,Italy
Jordan Nocerino,italy,Italy
Amanda Spano,italy,Italy
Breelyn Jenkins Bomba,italy,Italy
Liv Nagler,italy,Italy
Robyn Worrall,italy,Italy
Kelly Eisenman,italy,Italy
Jamielys Ponce de Leon,italy,Italy
James Walsh,italy,Italy
Melissa Helm,italy,Italy
Lauren Kronzer,italy,Italy
Karly Freeman,italy,Italy
Mackenzie Hunter,italy,Italy
Erin Emily Ward,italy,Italy
Sara Graham-Baldi,italy,Italy
Rebecca Penney,italy,Italy
Gianna Marx,italy,Italy
Julia Ferraro,italy,Italy
Amanda Villarosa,italy,Italy
Kerry Costello,italy,Italy
Carolina Cacho,italy,Italy
Hannah Healy,italy,Italy
Tessa Hugar,italy,Italy
Sheila Spitz,italy,Italy
Jenifer Truitt,italy,Italy
Lindsay Hackett,italy,Italy
Lisa Aggarwal,italy,Italy
Andrew Boster,italy,Italy
Nia Giraud,italy,Italy
Anne Wallace,italy,Italy
Georgia Pavoloni,italy,Italy
Kevin Satterfield,italy,Italy
Whitney Evans,italy,Italy
Lauren Kaskiel,italy,Italy
Dana DellaCioppa,italy,Italy
Jacqueline Gromada,italy,Italy
Arsh Kakar,italy,Italy
Mattia Krappa,italy,Italy
Loes van Poppel,italy,Italy
Caryn Ruocco,italy,Italy
Reneille Velez,italy,Italy
Kelly Weinstein,italy,Italy
John Voigt,italy,Italy
Brooke Kenrick,italy,Italy
Claire Herzog,italy,Italy
Charyl Pajarillo,italy,Italy
Ashley Bianchini,italy,Italy
Krista McLean,italy,Italy
Kathleen Tamburino,italy,Italy
Nikki Smith,italy,Italy
Gabriella Steyl,italy,Italy
Christina Pumo,italy,Italy
Ali Shick,italy,Italy
Gabrielle Palmer,italy,Italy
Michelle Tuzzolino,italy,Italy
Alice Thacker,italy,Italy
Stefanie Stewart,italy,Italy
Gloria Feurra,italy,Italy
Caroline McCormick,italy,Italy
Regina Baranda Mier,italy,Italy
Shanon Wille,italy,Italy
Sabrina Autera,italy,Italy
Kimberly Wootton,italy,Italy
Sam Madrid,italy,Italy
Alyson Ward,italy,Italy
Hilary Foster,italy,Italy
Cameron Bradley,italy,Italy
Laura Zapata,italy,Italy
Ramona Moussighi,italy,Italy
Vesna Telalovic,italy,Italy
Lori Loper,italy,Italy
Senna Brennan,italy,Italy
Michelle Roe,italy,Italy
LeeAnn Mills,italy,Italy
Laura Tye,italy,Italy
Elizabeth Kaczka,italy,Italy
Alexandra Gonzalez,italy,Italy
Lauren Murray,italy,Italy
Adam Stewart,italy,Italy
Rose Manganell,italy,Italy
Kylie Adamson,italy,Italy
Carlo Civita,italy,Italy
Sonya Irby,italy,Italy
Melissa Star,italy,Italy
Morgan Wellinsky,italy,Italy
Gina Gaytan,italy,Italy
Ana P. Bauza Rodriguez,italy,Italy
Eliza Jameson,italy,Italy
Kelly Hendrix,italy,Italy
Ronda Kunkel,italy,Italy
Sophia Clark,italy,Italy
Maria Conte,italy,Italy
Arin Segall,italy,Italy
Spencer Solit,italy,Italy
Sarah Moss,italy,Italy
Kimberly Sessions,italy,Italy
Jessica Dressel,italy,Italy
Caroline Huntley,italy,Italy
Lisa Strangis,italy,Italy
Michelle Feather,italy,Italy
Shelby (Davis) Rigali,italy,Italy
Kylie Collins,italy,Italy
Elke Lockert,italy,Italy
Ava Vitiello,italy,Italy
Sandhya Moraes,italy,Italy
Valerie Alvarez,italy,Italy
Ian Strommen,italy,Italy
Karen Rose,italy,Italy
Jamie Putnam,italy,Italy
Aly Emiola,italy,Italy
Hailey Schoenfeld,italy,Italy
Kassie Reynolds,italy,Italy
Mary Greer,italy,Italy
Liz Georgi,italy,Italy
Maria Bohn,italy,Italy
Jessica Cordova,italy,Italy
Olivia Tambosso,italy,Italy
Kathryn Evans,italy,Italy
Marissa Clark,italy,Italy
Jaclyn Nelson,italy,Italy
Chris Lombardo,italy,Italy
Allen Bartimioli,italy,Italy
Jenna Otwell,italy,Italy
Alexis Rousselle,italy,Italy
Melissa Elliott,italy,Italy
Rachel Lai,italy,Italy
Erin White,italy,Italy
Melissa Bruno,italy,Italy
Madeline Pipkin,italy,Italy
Yasmin Marinaro-Basone,italy,Italy
Hannah Lely,italy,Italy
Flavia Bottura,italy,Italy
Marion Sealy,italy,Italy
Erika Jweda,italy,Italy
Matthew Chuy,italy,Italy
Paula Medina,italy,Italy
Milk & Uni,italy,Italy
Kendall Barlass,italy,Italy
Grace Dayton,italy,Italy
Ali Benequisto,italy,Italy
Taylor Nefouse,italy,Italy
Tori McInnis,italy,Italy
Julianne Misik,italy,Italy
Rachel Poydras,italy,Italy
Traci Shapiro,italy,Italy
McKenzie Sanders Bas,italy,Italy
Rebecca Phansalkar,italy,Italy
Laura Davidson,italy,Italy
Laura Berko,italy,Italy
Kate Kelly,italy,Italy
Ashley Emala,italy,Italy
Carlie Fischer,italy,Italy
Laura Bleeke,italy,Italy
Leslie Henger,italy,Italy
Aida Mollenkamp,italy,Italy
Carrie Carter,italy,Italy
Kim Peart,italy,Italy
Kristel Finns,italy,Italy
Amneris Dominguez,italy,Italy
Laura Tate,italy,Italy
Lauralee Estill,italy,Italy
Chiara Caremoli,italy,Italy
Daniel Schur,italy,Italy
Brian Nguyen,italy,Italy
Kim Tran,italy,Italy
Katie Larsen,italy,Italy
Sarah Sukta,italy,Italy
Nicole Zamparelli RN,italy,Italy
Vanessa Trinh,italy,Italy
Jacque Williams,italy,Italy
Heather Markel,italy,Italy
Polly Knelsen,italy,Italy
Elizabeth Galifi,italy,Italy
Britt Wengel,italy,Italy
Alyssa Mutterperl,italy,Italy
Jon Herlihy,italy,Italy
Karen Collins,italy,Italy
Carmen Villase??or,italy,Italy
Dylan Patterson,italy,Italy
Sara Urquidez,italy,Italy
Samantha Miceli,italy,Italy
Meredith Sotoloff,italy,Italy
Shannon Mellish,italy,Italy
Megan Stewart,italy,Italy
Gabriella Hoffmann,italy,Italy
Julianna Reichard,italy,Italy
Hayley Hines,italy,Italy
Tier 1 Travel,italy,Italy
Georgia Hopkins,italy,Italy
Rachel Gutner Silverstein,italy,Italy
Amanda Pellerito,italy,Italy
Alexis Walters,italy,Italy
Alyna Zimmerman,italy,Italy
Luan Nguyen-Tran,italy,Italy
Eevet Edens,italy,Italy
Dru Morgan,italy,Italy
Anna R. Kaplan,italy,Italy
Teri Badenhop,italy,Italy
Alissa Galiano,italy,Italy
Gabriella Jannotta,italy,Italy
Tamie Sanchez-Danks,italy,Italy
KaTara Burks,italy,Italy
Mary Manix,italy,Italy
Stephanie Goldrosen,italy,Italy
Christine Dillard,italy,Italy
Emily Smith,italy,Italy
Chelsea Howard,italy,Italy
David Glick,italy,Italy
Stacey Wetherington,italy,Italy
Eileen Campbell,italy,Italy
Kelsey Book,italy,Italy
Mary Forzato,italy,Italy
Elizabeth Hills,italy,Italy
Astrid Torres,italy,Italy
Valerie Hansen,italy,Italy
Allison Salmonese,italy,Italy
Zi Liu,italy,Italy
Merritt Hunt,italy,Italy
Arianna Mathews,italy,Italy
Heather Gibbs,italy,Italy
Lisa Moran,italy,Italy
Julia Gowens,italy,Italy
Mary O'Brien,italy,Italy
Chirag Parekh,italy,Italy
Kristyne Wada,italy,Italy
Alexandra Kramer,italy,Italy
Christopher Marino,italy,Italy
Carole Hansen,italy,Italy
Olivia Guerriero,italy,Italy
Caitlin Dean,italy,Italy
Sigrid Carmack,italy,Italy
Lynette Briones,italy,Italy
Alyssa Lodge,italy,Italy
Alex Crock,italy,Italy
Carol Manzetti,italy,Italy
Genny Montgomery,italy,Italy
Paige Greer,italy,Italy
Mary Strabel,italy,Italy
Darren Corrao,italy,Italy
Kari Bradbury (Kingfisher Luxury Travel),italy,Italy
Kristi Tyler,italy,Italy
Tracy Donofrio,italy,Italy
Kristen Fox,italy,Italy
Michelle Hadley,italy,Italy
Evan Freed,italy,Italy
Nancy Thomas,italy,Italy
Rachel Kantrowitz,italy,Italy
Teresa Fox,italy,Italy
Rebecca Hanson,italy,Italy
Daniel De Pinto,italy,Italy
Curt Cassels,italy,Italy
Halcyon Garrett,italy,Italy
Courtney Way,italy,Italy
Danielle Swann,italy,Italy
Francesca Cichella,italy,Italy
Victoria Bufo,italy,Italy
Daniela Rodriguez,italy,Italy
Caren Strauss,italy,Italy
Lindsey Fulp,italy,Italy
Traci Lee,italy,Italy
Erika Hamilton,italy,Italy
Brian Baldwin,italy,Italy
Lorena Rodriguez,italy,Italy
Teresa Nanci Pappalardo,italy,Italy
Jeana Salman,italy,Italy
Jen Perrone,italy,Italy
Susan Harker,italy,Italy
Adeline Chong,italy,Italy
Audra Thomas,italy,Italy
Jacqueline Talsky,italy,Italy
Chanel Flores,italy,Italy
Melissa Halford,italy,Italy
Cynthia McKnight,italy,Italy
Lori Turoff,italy,Italy
Chloe Ellers,italy,Italy
Tammera Torres,italy,Italy
Lindsey Cooper,italy,Italy
Lorena Urbina,italy,Italy
Diana Reul,italy,Italy
Kira Bulka,italy,Italy
Allen Eitzel,italy,Italy
Claire Ruscitti,italy,Italy
Becky Burke,italy,Italy
Lee Elkins,italy,Italy
Emily Adams,italy,Italy
Michelle Cabrera,italy,Italy
Ashley Bowman,italy,Italy
Ann Tan,italy,Italy
Linda Coiro,italy,Italy
Tori Harris,italy,Italy
Sara Wilcox,italy,Italy
George Staib,italy,Italy
Juleece DeJesus,italy,Italy
Paige Menze,italy,Italy
Sonthia Coleman,italy,Italy
Jen Fuller,italy,Italy
Rose Duran,italy,Italy
Amy Macari,italy,Italy
Jim Kuhner,italy,Italy
Dani Wheeler,italy,Italy
Bianca Ragusa,italy,Italy
Emma McKeen,italy,Italy
Brittania Ganor,italy,Italy
Michelle Marx,italy,Italy
Bobbi Insisiengmay,italy,Italy
Katherine Ferguson,italy,Italy
Cliniece Goodluck,italy,Italy
Alyssa Sharp,italy,Italy
Ariana Agrios,italy,Italy
Kelsey Gilbert-Kreiling,italy,Italy
Katie Pirone,italy,Italy
Jen Barnes,italy,Italy
Shannon Tiso,italy,Italy
Sarah Roof,italy,Italy
Alice Cozzi,italy,Italy
Kearran Ambrosino,italy,Italy
Mike Tosti,italy,Italy
Alissa Macinko,italy,Italy
Sophia Campos,italy,Italy
Elyse Loeb,italy,Italy
Sandra Laville,italy,Italy
Misha Sharp,italy,Italy
Ashley Adelizi,italy,Italy
Sara Falaro,italy,Italy
Taegan Jarrett,italy,Italy
Rebecca Jones,italy,Italy
Mary Roberts,italy,Italy
Shana Yavari,italy,Italy
Shana Irish,italy,Italy
Heather Marie,italy,Italy
Vanessa Abbe,italy,Italy
Alexandra Puntus,italy,Italy
Graziella Del Grande,italy,Italy
Veronica Contin,italy,Italy
Molly Head,italy,Italy
Achsha Lamb,italy,Italy
Livia Hengel,italy,Italy
Halie Ellis,italy,Italy
Whitney Ellis,italy,Italy
Amy Horrocks,italy,Italy
Jennifer Echeagaray,italy,Italy
Alexandrina Calderon,italy,Italy
Amanda Hooper,italy,Italy
Leslie Birch,italy,Italy
Lacey Hayes,italy,Italy
Paul Cornwell,italy,Italy
Nicole Goddard,italy,Italy
Danielle Sadovyi,italy,Italy
Amanda Falk,italy,Italy
Rashana Trim,italy,Italy
Jess Landar,italy,Italy
Ali Lefebvre,italy,Italy
Nicole Arsenault,italy,Italy
Allison Olivieri,italy,Italy
Alexandra Vigilante Chamberlin,italy,Italy
Xing Wang,italy,Italy
Abigail Trigilio,italy,Italy
Ally Pyne,italy,Italy
Daria Bene,italy,Italy
Jacqueline Vizcaino,italy,Italy
Paige Kelly,italy,Italy
Keishonna Booker,italy,Italy
Beth Robertson,italy,Italy
Meagan Brown,italy,Italy
Stephanie Pelaez,italy,Italy
Wesley Snyder,italy,Italy
John Cicerale,italy,Italy
Taylor Bose,italy,Italy
Amber Conte,italy,Italy
Christopher Davidson,italy,Italy
Natalia Modrzynska,italy,Italy
Ann Chamberlin,malta,Malta
Nadege Normil,malta,Malta
Adam Stewart,malta,Malta
Brittany Archer,malta,Malta
Leila Pepic,montenegro,Montenegro
Imani Grimes,montenegro,Montenegro
Cynthia Loebe,montenegro,Montenegro
Caroline Haydon,montenegro,Montenegro
Bridget Malone,netherlands,Netherlands
Jamila Youngblood,netherlands,Netherlands
Charlie O'Dell,netherlands,Netherlands
Kelly Summerfield,netherlands,Netherlands
Emily Thomas,netherlands,Netherlands
Nathalie Jane Krits,netherlands,Netherlands
Maggie Pecorino,netherlands,Netherlands
Jonah Chizek,netherlands,Netherlands
Anthony Riad,netherlands,Netherlands
Travis Tanner,netherlands,Netherlands
Lisa Kleingarn,netherlands,Netherlands
Shannon Aymes,netherlands,Netherlands
Jess Landar,netherlands,Netherlands
Suchi Bhagat,netherlands,Netherlands
Dave Grunberg,netherlands,Netherlands
Marisca Kooij,netherlands,Netherlands
Adeline Gjerlaugsen,norway,Norway
Lindsay Meyers,norway,Norway
Megan Lawall,norway,Norway
Susanna Ask,norway,Norway
Adam Stewart,norway,Norway
Mikayla McDonald,norway,Norway
Ty Govaars,norway,Norway
Evan Brown,norway,Norway
Christy Woodrow,norway,Norway
Erica Storck,norway,Norway
Ceilidh McElroy,norway,Norway
Brooke Maxfield,poland,Poland
Sylvia Baldwin,poland,Poland
Natalia Modrzynska,poland,Poland
Traci Shapiro,portugal,Portugal
Jeremy Barber,portugal,Portugal
Laurel Hasbargen,portugal,Portugal
Philip Goldfeder,portugal,Portugal
Christine Moghadam,portugal,Portugal
Mei Nishiwaki,portugal,Portugal
Jake Adee,portugal,Portugal
Ashley Sawyer,portugal,Portugal
Courtney Cheatham,portugal,Portugal
Celeste Costa,portugal,Portugal
Sarah Moss,portugal,Portugal
Aashima Ratti,portugal,Portugal
Alyssa Romo,portugal,Portugal
Sibley Slade,portugal,Portugal
Kelly Rivas,portugal,Portugal
Stacey Cortez,portugal,Portugal
Katie Kirchgasser,portugal,Portugal
Joyce de Mello,portugal,Portugal
Juli Hall,portugal,Portugal
Clara Raposo,portugal,Portugal
Monica Hayes,portugal,Portugal
Candida Musanti,portugal,Portugal
Jeff Love,portugal,Portugal
Isam Tabani,portugal,Portugal
Anthony Rivera,portugal,Portugal
Sydney Bush,portugal,Portugal
Shaina Shiwarski,portugal,Portugal
Heber Siqueiros,portugal,Portugal
Ryan Hanehan,portugal,Portugal
Danielle DeBiasi,portugal,Portugal
Georgia Hopkins,portugal,Portugal
Brian Baldwin,portugal,Portugal
Stephanie Silva,portugal,Portugal
Tori Almeida,portugal,Portugal
Savannah Dempsey,portugal,Portugal
Lizzy Atwood Wills,portugal,Portugal
Quinn Adams,portugal,Portugal
Erika Hamilton,portugal,Portugal
Roberto Gayanelo,portugal,Portugal
Krystle Shaw,portugal,Portugal
Heather Markel,portugal,Portugal
Tosin Olusola,portugal,Portugal
Viraj Chegu,portugal,Portugal
Jacqueline Gromada,portugal,Portugal
Sandra Charamba,portugal,Portugal
Mariana Rambo,portugal,Portugal
Falon Sweeney,portugal,Portugal
James Cesario,portugal,Portugal
Mary Greer,portugal,Portugal
Carlos Henriques,portugal,Portugal
Shirley Maamari,portugal,Portugal
Sarah Young,portugal,Portugal
Peta Blair,portugal,Portugal
Caryn Ruocco,portugal,Portugal
Max Rosero,portugal,Portugal
Lyny Grullon,portugal,Portugal
Lindsey Nieto,portugal,Portugal
Lauren O'Malley,portugal,Portugal
Julia Silva,portugal,Portugal
Jess Landar,portugal,Portugal
Mario Andrighetto,portugal,Portugal
Yomayra Rivera,portugal,Portugal
Drew Dawson,portugal,Portugal
Hugo Tomas,portugal,Portugal
Rita Carton,portugal,Portugal
Elke Lockert,portugal,Portugal
Genoa Hall,portugal,Portugal
Amy Horrocks,portugal,Portugal
Delia Porter,portugal,Portugal
Mark Schutz,portugal,Portugal
Alyssa Gamboa,portugal,Portugal
Brittany Tai,portugal,Portugal
Kenneth Maker,portugal,Portugal
Ariel Steinberg,portugal,Portugal
Glenda De La Torre,portugal,Portugal
Karen May,portugal,Portugal
Marlene Rodrigues,portugal,Portugal
Lillie Sanchez,portugal,Portugal
Amy Macari,portugal,Portugal
Ana Santos,portugal,Portugal
Erica Smith,portugal,Portugal
Bryan Frank,portugal,Portugal
Tali Miller,portugal,Portugal
Mary Manix,portugal,Portugal
Morgan Stensrud,portugal,Portugal
Lauren Liberto,portugal,Portugal
Merritt Murray,portugal,Portugal
Aida Mollenkamp,portugal,Portugal
Michelle Tandy,portugal,Portugal
Mariah Swift,portugal,Portugal
Heidi Strutzenberg,portugal,Portugal
Suzan Ahmed,portugal,Portugal
Karyn Pavich,portugal,Portugal
Leah Hoefling,portugal,Portugal
Kelly McDonald,portugal,Portugal
Laura Tye,portugal,Portugal
Casey Stein,portugal,Portugal
Freya Fine,portugal,Portugal
Laura Stevens,portugal,Portugal
Valerie Hansen,portugal,Portugal
Aimee Morice,portugal,Portugal
LeeAnn Cline,portugal,Portugal
Selena Kirchhoff,portugal,Portugal
Katie Bernal-Silva,portugal,Portugal
Dena Pinheiro,portugal,Portugal
Debbie Forchheimer,portugal,Portugal
Dana DellaCioppa,portugal,Portugal
Kristin Wardian,portugal,Portugal
Andrea Sosa,portugal,Portugal
Natalia Modrzynska,portugal,Portugal
Stefanie Fackrell,portugal,Portugal
Alex Burns,portugal,Portugal
Naomi Mendes-Pouget,portugal,Portugal
Debra Morin,slovenia,Slovenia
Ashley Metesh-McCoy,slovenia,Slovenia
Audra Santos,slovenia,Slovenia
Sophia Campos,spain,Spain
Julia Rees,spain,Spain
Ryan Fidell,spain,Spain
Yarden Shuminer,spain,Spain
Aida Mollenkamp,spain,Spain
Nicole Zafrany,spain,Spain
Kathleen Lundberg,spain,Spain
Stephanie Sanchez,spain,Spain
Sandhya Moraes,spain,Spain
Mike Proto,spain,Spain
Maria Teresa Jimenez-Orta Torrico,spain,Spain
Bria Walker,spain,Spain
Sonia Ferrandiz,spain,Spain
Kailin Martin,spain,Spain
Leanna Truong,spain,Spain
Lauren Newton,spain,Spain
Bryan Frank,spain,Spain
Deirdre Schwiring,spain,Spain
Rebecca Hanson,spain,Spain
Dani Trynoski,spain,Spain
Sandra Laville,spain,Spain
Bridget Malone,spain,Spain
Amanda Elshiekh,spain,Spain
Mary Greer,spain,Spain
Lesley Frascogna,spain,Spain
Monika Morris,spain,Spain
Lisa Reeves,spain,Spain
Leslie Billingsley,spain,Spain
Jess Landar,spain,Spain
Jill Keagy,spain,Spain
Emma McKeen,spain,Spain
Gabrielle Mahlum,spain,Spain
Khim Fam,spain,Spain
Nia Giraud,spain,Spain
Cristian J. Martinez,spain,Spain
Christine Moghadam,spain,Spain
Markie Bocook,spain,Spain
Patricia Halim,spain,Spain
Eric & Michelle Ward,spain,Spain
Elen Mouradian,spain,Spain
Adriana Raposo,spain,Spain
Aisha Springer,spain,Spain
Stephanie Cunningham,spain,Spain
Claire Simons,spain,Spain
Erica Smith,spain,Spain
Viraj Chegu,spain,Spain
Chealsea Thrush,spain,Spain
Olivia Coflin,spain,Spain
Megan Purgahn,spain,Spain
Natalie Sopher,spain,Spain
Emma Gray,spain,Spain
Ali Lefebvre,spain,Spain
Madelyn Stoll,spain,Spain
Laura Los,spain,Spain
Zoe Schaeffer,spain,Spain
Liza Vadnai,spain,Spain
Jessica Dressel,spain,Spain
Dana DellaCioppa,spain,Spain
Jake Adee,spain,Spain
Taylor Bicchieri,spain,Spain
Gina Gaytan,spain,Spain
Natalia Modrzynska,spain,Spain
Amanda Okereke,spain,Spain
Katherine Kelly,spain,Spain
Sam Madrid,spain,Spain
Sophie Lin,spain,Spain
Ed Munz,spain,Spain
Sabrina Autera,spain,Spain
Sara Wilcox,spain,Spain
Amalia Maloney,spain,Spain
Jairo Canales,spain,Spain
Vianey Pelaez Rosas,spain,Spain
Antonio Natal,spain,Spain
Natalie Lum-Tai,spain,Spain
Chantel Lanier,spain,Spain
Nicole Allen,spain,Spain
Jenna Otwell,spain,Spain
Mary Manix,spain,Spain
Allana Webb,spain,Spain
Lee Elkins,spain,Spain
Hannah Mason,spain,Spain
Kelly Mordini,spain,Spain
Sue Taylor,spain,Spain
Kaila Belgarde,spain,Spain
Leah Baillargeon,spain,Spain
Katie Stuhr,spain,Spain
Stephanie Maloney,spain,Spain
Gigi Valdez,spain,Spain
Alex Burns,spain,Spain
Joshua Clinton Hart,spain,Spain
Gisselle Fernandez,spain,Spain
Mei Nishiwaki,spain,Spain
Carrie Antoinette,spain,Spain
Kathryn Evans,spain,Spain
Lorrie White,spain,Spain
April Price,spain,Spain
Leslie Adelman,spain,Spain
Hannah Loporchio,spain,Spain
Sarah Kate Pospisil,spain,Spain
Wenyi Leong,spain,Spain
Jack Haley,spain,Spain
Loes van Poppel,spain,Spain
Jacque Williams,spain,Spain
Elke Lockert,spain,Spain
Stefanie Stewart,spain,Spain
Deemah Bader,spain,Spain
Kiley Suarez,spain,Spain
Al Tan,spain,Spain
Makayla Lau,spain,Spain
Stephanie Hicks,spain,Spain
Kristen Fung,spain,Spain
Nathalie Jane Krits,spain,Spain
Annabella Monserrate,spain,Spain
Lauren Cherney,spain,Spain
Anna Hahn,spain,Spain
Cameron Breslin,spain,Spain
Kayla Mason,spain,Spain
Regina Baranda Mier,spain,Spain
Malea Jude,spain,Spain
Kenyetta Slater,spain,Spain
James Joseph Sterrett Alarcon,spain,Spain
Nalyss Alexander,spain,Spain
Chelse Hensley,spain,Spain
Alison Montes,spain,Spain
Kari Bonafilia,spain,Spain
Julia Ludwig,spain,Spain
Talia Gonzalez,spain,Spain
Drew Dawson,spain,Spain
Alice Zhao,spain,Spain
Danielle DeZao,spain,Spain
Valerie Alvarez,spain,Spain
Tamara Stampone,spain,Spain
WANDRlux,spain,Spain
Miriam Vargas,spain,Spain
Carly Hannah Parker,spain,Spain
Deborah Reitenour,spain,Spain
Caryn Ruocco,spain,Spain
Paige Risner,spain,Spain
Gran Reserva Travel,spain,Spain
Lucy Stephens,spain,Spain
Lori Turoff,spain,Spain
Grant Hathaway Olsen,spain,Spain
Lexi Deltoro,spain,Spain
Emily Hill,spain,Spain
Carlie Khalil,spain,Spain
Laura Celi,spain,Spain
Larissa Lopez,spain,Spain
Sibley Slade,spain,Spain
Ruth Segura,spain,Spain
Lauren McLeod,spain,Spain
Lindsey Nieto,spain,Spain
Stefanie Fackrell,spain,Spain
Alma Lea Sadeghi,spain,Spain
Gianfranco Arias,spain,Spain
Aida Panal,spain,Spain
Jill Bauman,spain,Spain
Amita Joshi,spain,Spain
Savannah Dempsey,spain,Spain
Demi Buscar,spain,Spain
Samantha Christenson,spain,Spain
Teyanna Beveridge,spain,Spain
Carey McDougall,spain,Spain
Lauralee Estill,spain,Spain
Molly Reed,spain,Spain
Haley Francis,spain,Spain
Michelle Cassidy,spain,Spain
Alicia Wang,spain,Spain
Levi Hankins,spain,Spain
Marci Anderson,spain,Spain
Annie Elliott Dennis,spain,Spain
Sophia Clark,spain,Spain
Brittany Graham,spain,Spain
Sienna Severson,spain,Spain
Rachelle Ramirez,spain,Spain
Kim Peart,spain,Spain
Jacqueline Puzo,spain,Spain
Kyle Polage,spain,Spain
Sylvia Tawfik,spain,Spain
Max Donahoe,spain,Spain
Leah Scruggs,spain,Spain
Esbenia (Beni) Overbeck,spain,Spain
Katherine Neal,spain,Spain
James Cesario,spain,Spain
Lindsey Cooper,spain,Spain
Kristin Simpson,spain,Spain
Peter Davison,spain,Spain
Yasmin Marinaro-Basone,spain,Spain
Terra Trent,spain,Spain
Freya Fine,spain,Spain
Jessica Cordova,spain,Spain
Michelle Kim,spain,Spain
Adam Stewart,spain,Spain
Eevet Edens,spain,Spain
Camille Parra,spain,Spain
Isabella Braconi,spain,Spain
Annie Rooks,spain,Spain
Milissa Malloy,spain,Spain
Juli Hall,spain,Spain
Kari Bradbury (Kingfisher Luxury Travel),spain,Spain
Shelby Roller,spain,Spain
Shirley Maamari,spain,Spain
Susan DiParisi,spain,Spain
Aubrey Jackson,spain,Spain
Jami Friehauf,spain,Spain
Kelsey Caballero,spain,Spain
Reid Crain,spain,Spain
Julia Lescarbeau,spain,Spain
Jonathan Aciego,spain,Spain
Theresa Baumann,spain,Spain
Hannah Davidson,spain,Spain
John Casaus,spain,Spain
Brunilda DeJes??s,spain,Spain
Noemi Mones,spain,Spain
Mary Alise Snyder,spain,Spain
Angela J. Verbeck,spain,Spain
Deb Drain,spain,Spain
Tanya Behar,spain,Spain
Callie Steffen,spain,Spain
Rebecca Phansalkar,spain,Spain
Hillary Posternak,spain,Spain
Bluebell Belton,spain,Spain
Dani Wheeler,spain,Spain
Nicole Goddard,spain,Spain
Leigh Elena Navarro,spain,Spain
Preston Cory,spain,Spain
Lucy Smith,spain,Spain
Veronika Zhuk,spain,Spain
Paula Medina,spain,Spain
Rachel Karel,spain,Spain
Espa??a Garcia,sweden,Sweden
Sarah Pennington,sweden,Sweden
Erik Sellstrom,sweden,Sweden
Astrid Torres,sweden,Sweden
Kiera Sargent,sweden,Sweden
Katie Egan,sweden,Sweden
Clark Brinkley,switzerland,Switzerland
Brad Bost,switzerland,Switzerland
Anna Giesler,switzerland,Switzerland
Marsha Chapdelaine,switzerland,Switzerland
Damini Kiran Patel,switzerland,Switzerland
Chanel Flowers,switzerland,Switzerland
Erin Lewis,switzerland,Switzerland
Lisa Kleingarn,switzerland,Switzerland
Mary Greer,switzerland,Switzerland
Tess Slot,switzerland,Switzerland
Lucy Smith,switzerland,Switzerland
Katherine Ferguson,switzerland,Switzerland
Jason Ricci,switzerland,Switzerland
Hillary Hermann,switzerland,Switzerland
Pat Murphy,switzerland,Switzerland
Jacqueline Dheere,switzerland,Switzerland
Erik Sellstrom,switzerland,Switzerland
Olivia Hipkins,switzerland,Switzerland
Jieming Wu,switzerland,Switzerland
Ronda Kunkel,switzerland,Switzerland
Meredith Parnello,switzerland,Switzerland
Monika Paulus,switzerland,Switzerland
Alex Seghir,switzerland,Switzerland
Jonah Chizek,switzerland,Switzerland
Stefan Fritzemeier,switzerland,Switzerland
Parv Aggarwal,switzerland,Switzerland
Anna Hahn,switzerland,Switzerland
Jasmine Bapic,switzerland,Switzerland
May Liu,switzerland,Switzerland
Stephanie Maloney,switzerland,Switzerland
Anne Wallace,switzerland,Switzerland
Aazia Mickens-Dessaso,switzerland,Switzerland
Amy Maass,switzerland,Switzerland
Anna Agee,switzerland,Switzerland
Mia McGraw,switzerland,Switzerland
Andrew Klemish,switzerland,Switzerland
Michelle Garcia,switzerland,Switzerland
Elizabeth Chen,switzerland,Switzerland
Rebecca Penney,switzerland,Switzerland
Layne Brodie,switzerland,Switzerland
Whytney Rawls,switzerland,Switzerland
Cody Rokosz,switzerland,Switzerland
Aida Mollenkamp,switzerland,Switzerland
Carl Fiorentino,switzerland,Switzerland
Alexis Jacot,switzerland,Switzerland
Sophia Sloan,switzerland,Switzerland
Quinn Adams,switzerland,Switzerland
Lilly Clare,switzerland,Switzerland
Taylor Newcomb,switzerland,Switzerland
Kelsey Hollander,switzerland,Switzerland
Joelle Massari,switzerland,Switzerland
Alexandra Churton,switzerland,Switzerland
Nadia Wood,switzerland,Switzerland
Zannie Leong,switzerland,Switzerland
Shelly Barrera,switzerland,Switzerland
Mariah Swift,switzerland,Switzerland
Leslie Birch,switzerland,Switzerland
Allen Bartimioli,turkiye,Türkiye
Allen Eitzel,turkiye,Türkiye
Pam Hughet,turkiye,Türkiye
Alon Hayim,turkiye,Türkiye
Amber Usmani,turkiye,Türkiye
Vanessa Robles,turkiye,Türkiye
Diana Popal,turkiye,Türkiye
Dina Rugova,turkiye,Türkiye
Merritt Hunt,turkiye,Türkiye
Ceren Uyar,turkiye,Türkiye
Marie Sachs,turkiye,Türkiye
Brooke Yool,turkiye,Türkiye
Zeina Hammami-Zuaiter,turkiye,Türkiye
Audra Santos,turkiye,Türkiye
